Timestamp,Actual position,Motor speed,Torque,Energy Consumption
0.008,628392628,-1.2224282,-0.2501821,13478.0
0.01199999,628392625,-1.2224293,-0.2491333,12865.0
0.01599999,628392621,-1.2224278,-0.24943107,12577.0
0.01999999,628392617,-1.2224301000000002,-0.24863635,12517.0
0.02399999,628392613,-1.2224286,-0.24870083,12670.0
0.02799999,628392608,-1.2224286,-0.24819699999999997,13038.0
0.03199999,628392604,-1.2224296000000001,-0.24791418,13692.0
0.03599999,628392600,-1.2224321000000002,-0.24832098,14297.0
0.03999999,628392595,-1.2224315000000001,-0.24778472,14719.0
0.04399999,628392591,-1.2224313999999998,-0.24829444,14941.0
0.04799999,628392586,-1.2224283,-0.24791297,15184.0
0.05199999,628392581,-1.2224288,-0.24772124,15009.0
0.05599999,628392576,-1.2224338,-0.24800174,14808.0
0.05999999,628392570,-1.2224305,-0.24751255,14522.0
0.06399999,628392565,-1.2224298999999998,-0.24806660000000003,14349.0
0.06799999,628392560,-1.2224302,-0.24759054,14107.0
0.07199999,628392554,-1.2224298999999998,-0.24788445,14410.0
0.07599999,628392548,-1.2224327,-0.24791039999999998,15174.0
0.07999999,628392542,-1.1908675,-0.3074368,15261.0
0.08399999,628392536,-1.0761522,-0.34823984,14774.0
0.08799999,628392530,-0.91522676,-0.37626076,14363.0
0.09199999,628392523,-0.74040496,-0.39978892,14045.0
0.09599999,628392517,-0.56746274,-0.37705126,13478.0
0.09999999,628392510,-0.37737778,-0.38429856,12892.0
0.10399999,628392503,-0.17444609,-0.4046426,14097.0
0.10799999,628392496,-0.011279724,-0.3678239,13667.0
0.11199999,628392489,0.10558442,-0.33796550000000003,13451.0
0.11599999,628392481,0.21557005,-0.37361252,13379.0
0.11999999,628392473,0.3647307,-0.39638698,13506.0
0.12399999,628392465,0.52815247,-0.36500433,14121.0
0.12799999,628392457,0.64550036,-0.33670974,15066.0
0.13199999,628392449,0.72955585,-0.31627208,15771.0
0.13599999,628392441,0.78976905,-0.3011446,16047.0
0.13999999,628392432,0.8329088,-0.29081437,16245.0
0.14399999,628392423,0.86381596,-0.28344762,16377.0
0.14799999,628392414,0.88596094,-0.27824706,16138.0
0.15199999,628392405,0.9018282,-0.27455413,15886.0
0.15599998,628392395,0.91319877,-0.27129427,15503.0
0.15999998,628392386,0.9213435,-0.26949075,15206.0
0.16399998,628392376,0.92718095,-0.26836237,15049.0
0.16799998,628392366,0.93136424,-0.26747113,15161.0
0.17199998,628392355,0.93436027,-0.2670171,16085.0
0.17599998,628392345,0.9365065,-0.26588935,16508.0
0.17999998,628392334,0.9380449000000001,-0.26567070000000004,16306.0
0.18399998,628392323,0.93914807,-0.26567325,16223.0
0.18799998,628392311,0.93993676,-0.2654805,15931.0
0.19199998,628392300,0.9405062,-0.26549894,15207.0
0.19599998,628392288,0.94091284,-0.26530272,14316.0
0.19999998,628392276,0.94119954,-0.26469973,15223.0
0.20399998,628392264,0.9414093000000001,-0.26491928,14731.0
0.20799998,628392252,0.94155765,-0.26492256,14503.0
0.21199998,628392239,0.9416635,-0.26493335,14432.0
0.21599998,628392226,0.9417426,-0.2649475,14531.0
0.21999998,628392213,0.9417957,-0.26442793,15087.0
0.22399998,628392200,0.94183415,-0.26460075,16018.0
0.22799998,628392186,0.94186294,-0.26471624,16968.0
0.23199998,628392172,0.95720285,-0.30952573,17149.0
0.23599998,628392158,1.0288856,-0.3080059,17261.0
0.23999998,628392144,1.1272877000000001,-0.34734356,17194.0
0.24399998,628392130,1.2281758,-0.32583004,17011.0
0.24799998,628392115,1.3096575000000001,-0.34239239,16749.0
0.25199998,628392100,1.4332181,-0.3400402,16546.0
0.25599998,628392085,1.5530224,-0.26868936,16403.0
0.25999998,628392070,1.6865999,-0.34503649999999997,16161.0
0.26399998,628392054,1.7822898999999999,-0.32359284,16380.0
0.26799998,628392038,1.8508468,-0.30863655,17330.0
0.27199998,628392022,1.8999671999999999,-0.29685766,17738.0
0.27599998,628392006,1.9351571,-0.28925234,17468.0
0.27999998,628391990,1.9603772000000002,-0.28260997,17093.0
0.28399998,628391973,1.9784435,-0.27809307,16736.0
0.28799998,628391956,1.9913938999999998,-0.27381676,15984.0
0.29199998,628391939,2.0006676,-0.27251038,14900.0
0.29599998,628391922,2.0073192,-0.27018359999999997,17580.0
0.29999997,628391905,2.012079,-0.26899707,17158.0
0.30399997,628391888,2.0154881000000002,-0.26784152,17002.0
0.30799997,628391870,2.0179384,-0.2676504,16923.0
0.31199997,628391852,2.0196881,-0.26702723,17191.0
0.31599997,628391834,2.0209446,-0.2690406,17908.0
0.31999997,628391816,2.0218446,-0.26934198,18944.0
0.32399997,628391798,2.0224889999999998,-0.26838166,19752.0
0.32799997,628391779,2.0229523,-0.2683439,19882.0
0.33199997,628391761,2.023283,-0.26741984,19544.0
0.33599997,628391742,2.023514,-0.26836276,19309.0
0.33999997,628391724,2.0236883000000003,-0.26840144,18756.0
0.34399997,628391705,2.0238168,-0.26888470000000003,18201.0
0.34799997,628391686,2.0238962,-0.26838785,17666.0
0.35199997,628391667,2.0239587,-0.27007434,17203.0
0.35599997,628391648,2.0240044999999998,-0.27001202,16935.0
0.35999997,628391628,2.0240366,-0.2678324,17207.0
0.36399997,628391609,2.0240586,-0.2667549,18349.0
0.36799997,628391590,2.0240777,-0.2661171,18815.0
0.37199997,628391571,2.024088,-0.26616177,18599.0
0.37599997,628391551,2.0240984,-0.26709813,18480.0
0.37999997,628391532,2.0241015,-0.26509297,18135.0
0.38399997,628391513,2.024106,-0.26596674,17112.0
0.38799997,628391493,2.0241094,-0.26793548,16047.0
0.39199997,628391474,2.0241137,-0.26807070000000005,16718.0
0.39599997,628391455,2.0241137,-0.26592392,16150.0
0.39999997,628391435,2.0241127,-0.2669129,16090.0
0.40399997,628391416,2.0241133999999996,-0.26555032,16223.0
0.40799997,628391397,2.0241208,-0.2672607,16652.0
0.41199997,628391378,2.0241132,-0.2666413,17317.0
0.41599997,628391358,2.0241163,-0.26736593,18384.0
0.41999997,628391339,2.0241158,-0.26765576,19366.0
0.42399997,628391320,2.0241187,-0.26715229999999995,19772.0
0.42799997,628391301,2.0241177,-0.26649794,19792.0
0.43199997,628391282,2.024119,-0.2665681,19697.0
0.43599997,628391263,2.0241165,-0.26530924,19193.0
0.43999997,628391244,2.0241187,-0.2651248,18640.0
0.44399996,628391225,2.024115,-0.26643390000000006,18066.0
0.44799996,628391207,2.0241175,-0.2653656,17692.0
0.45199996,628391188,2.0241165,-0.26560559999999994,17522.0
0.45599996,628391169,2.0241165,-0.26703334,17933.0
0.45999996,628391151,2.0241191,-0.26743249999999996,19353.0
0.46399996,628391133,2.0241182,-0.26638678,20046.0
0.46799996,628391114,2.0241132,-0.26501740000000007,20127.0
0.47199996,628391096,2.0241206000000003,-0.26579404,20049.0
0.47599996,628391078,2.0241177,-0.26517329999999995,19751.0
0.47999996,628391060,2.024118,-0.266237,19038.0
0.48399996,628391042,2.0241148,-0.2648696,18133.0
0.48799996,628391025,2.024119,-0.2663629,15059.0
0.49199996,628391007,2.0241213,-0.26617593,14617.0
0.49599996,628390990,2.024118,-0.26641694,14452.0
0.49999996,628390972,2.0241187,-0.2654014,14465.0
0.50399996,628390955,2.0241182,-0.26597247,14561.0
0.50799996,628390938,2.0241191,-0.26612157,14862.0
0.51199996,628390921,2.0241196,-0.26574042,15318.0
0.51599996,628390904,2.0241184,-0.26676327,15865.0
0.51999996,628390888,2.0241153,-0.26720536,16421.0
0.52399996,628390871,2.0241196,-0.26731122,16751.0
0.52799996,628390855,2.024118,-0.2665635,16521.0
0.53199996,628390839,2.024119,-0.26759303,16047.0
0.53599996,628390823,2.0241196,-0.2676739,15790.0
0.53999996,628390807,2.024118,-0.26711804,15702.0
0.54399996,628390792,2.024118,-0.2665606,15488.0
0.54799996,628390776,2.0241172,-0.26647577,15607.0
0.55199996,628390761,2.0241158,-0.26594670000000004,16012.0
0.55599996,628390746,2.0241163,-0.2663594,17243.0
0.55999996,628390731,2.0241172,-0.26602919999999997,17922.0
0.56399996,628390717,2.0241187,-0.26747477,18064.0
0.56799996,628390702,2.0241182,-0.26832268,18086.0
0.57199996,628390688,2.0241156000000005,-0.26751986,17834.0
0.57599996,628390674,2.0241177,-0.2664444,17392.0
0.57999996,628390660,2.0241163,-0.2666966,16842.0
0.58399996,628390647,2.0241175,-0.26652926,16669.0
0.58799996,628390633,2.0241191,-0.26553077,16218.0
0.59199995,628390620,2.0241172,-0.26662803,16135.0
0.59599995,628390607,2.0241172,-0.26709548,16107.0
0.59999995,628390595,2.0241165,-0.26643002,16229.0
0.60399995,628390582,2.024115,-0.26745075,16470.0
0.60799995,628390570,2.0241153,-0.26755026,16935.0
0.61199995,628390558,2.0241175,-0.26652032,17548.0
0.61599995,628390546,2.0241191,-0.26811603,17927.0
0.61999995,628390535,2.0241199,-0.26909417,17837.0
0.62399995,628390524,2.0241172,-0.26936755,17453.0
0.62799995,628390513,2.0241165,-0.26864478,16891.0
0.63199995,628390502,2.0241177,-0.26673564,15967.0
0.63599995,628390492,2.0241196,-0.26658365,15088.0
0.63999995,628390481,2.0241199,-0.26579344,14564.0
0.64399995,628390471,2.024118,-0.26597750000000003,14394.0
0.64799995,628390462,2.0241175,-0.26588827,14745.0
0.65199995,628390452,2.024115,-0.26658200000000004,15856.0
0.65599995,628390443,2.0241133999999996,-0.26601228,16502.0
0.65999995,628390434,2.0241175,-0.2669768,16678.0
0.66399995,628390426,2.0241172,-0.26484096,16842.0
0.66799995,628390417,2.0241165,-0.26544568,16621.0
0.67199995,628390409,2.0241184,-0.2650852,16167.0
0.67599995,628390402,2.0241196,-0.26603788,15676.0
0.67999995,628390394,2.0241163,-0.26679042,15645.0
0.68399995,628390387,2.0241165,-0.26666898,15265.0
0.68799995,628390380,2.0241172,-0.26736757,15138.0
0.69199995,628390373,2.024118,-0.26649755,15068.0
0.69599995,628390367,2.0241172,-0.26598516,15122.0
0.69999995,628390361,2.0241168000000003,-0.26707256,15441.0
0.70399995,628390355,2.0241196,-0.2670123,15967.0
0.70799995,628390350,2.024115,-0.26764125,16628.0
0.71199995,628390345,2.0241175,-0.26653499999999997,17122.0
0.71599995,628390340,2.0241182,-0.26603723,17621.0
0.71999995,628390335,2.0241163,-0.26595274,17501.0
0.72399995,628390331,2.0241191,-0.26626956,17122.0
0.72799995,628390327,2.0241168000000003,-0.26735216,16600.0
0.73199995,628390324,2.0241172,-0.2666712,16206.0
0.73599994,628390320,2.024119,-0.26417434,15844.0
0.73999994,628390317,2.024116,-0.26488113,15762.0
0.74399994,628390315,2.0241199,-0.26536750000000003,16092.0
0.74799994,628390312,2.0241196,-0.26725328,17048.0
0.75199994,628390310,2.024115,-0.26695892,17456.0
0.75599994,628390309,2.0241191,-0.26682442,17407.0
0.75999994,628390307,2.024119,-0.26716673,17474.0
0.76399994,628390306,2.0241182,-0.267054,17772.0
0.76799994,628390305,2.0241187,-0.26687768,17618.0
0.77199994,628390305,2.0241175,-0.26678240000000003,17147.0
0.77599994,628390305,2.0241153,-0.26680925,15358.0
0.77999994,628390305,2.0241172,-0.26682649999999997,14851.0
0.78399994,628390306,2.024118,-0.26562637,14441.0
0.78799994,628390306,2.0241177,-0.26466048,14105.0
0.79199994,628390308,2.024118,-0.26499534,14048.0
0.79599994,628390309,2.0241191,-0.26522374,14394.0
0.79999994,628390311,2.0241182,-0.26599976,15034.0
0.80399994,628390313,2.0241182,-0.26710454,15783.0
0.80799994,628390316,2.024118,-0.26705995,16231.0
0.81199994,628390319,2.0241182,-0.2659415,16576.0
0.81599994,628390322,2.0241168000000003,-0.26735097,16912.0
0.81999994,628390325,2.0241184,-0.26656437,16991.0
0.82399994,628390329,2.024119,-0.26602858,16793.0
0.82799994,628390333,2.0241191,-0.26619083,16764.0
0.83199994,628390338,2.0241177,-0.26635408,16643.0
0.83599994,628390343,2.0241187,-0.26612535,16666.0
0.83999994,628390348,2.0241158,-0.26748925,16869.0
0.84399994,628390354,2.0241177,-0.26722813,17916.0
0.84799994,628390360,2.024118,-0.2669376,18424.0
0.85199994,628390366,2.024121,-0.26688358,18343.0
0.85599994,628390372,2.024118,-0.26603705,18340.0
0.85999994,628390379,2.0241182,-0.26690949999999997,18011.0
0.86399994,628390386,2.0241163,-0.26587,17340.0
0.86799994,628390394,2.0241168000000003,-0.26647466,16383.0
0.87199994,628390402,2.0241165,-0.26734582,15670.0
0.87599994,628390410,2.0241175,-0.26746628,15135.0
0.87999993,628390419,2.0241148,-0.26750854,14997.0
0.88399993,628390428,2.024114,-0.26730925,14929.0
0.88799993,628390437,2.0241165,-0.26686633,15256.0
0.89199993,628390447,2.024121,-0.2665715,16174.0
0.89599993,628390456,2.0241172,-0.26536348,17483.0
0.89999993,628390467,2.0241199,-0.26487777,18645.0
0.90399993,628390477,2.0241156000000005,-0.2660895,18866.0
0.90799993,628390488,2.0241163,-0.26616997,18802.0
0.91199993,628390500,2.0241187,-0.26527790000000007,18457.0
0.91599993,628390511,2.0241199,-0.26701984,18021.0
0.91999993,628390523,2.0241184,-0.2681191,17687.0
0.92399993,628390535,2.0241177,-0.26785970000000003,17590.0
0.92799993,628390548,2.0241184,-0.26823205,17471.0
0.93199993,628390561,2.0241182,-0.26812884,17406.0
0.93599993,628390574,2.0241199,-0.26767156,17592.0
0.93999993,628390588,2.0241172,-0.2673919,18668.0
0.94399993,628390602,2.0241175,-0.26773012,19040.0
0.94799993,628390616,2.024115,-0.26716867,18819.0
0.95199993,628390631,2.0241175,-0.26637649999999996,18483.0
0.95599993,628390646,2.024118,-0.26695326,18381.0
0.95999993,628390661,2.0241177,-0.26676425,17461.0
0.96399993,628390676,2.024118,-0.26552773,16353.0
0.96799993,628390692,2.024116,-0.26605517,18740.0
0.97199993,628390708,2.0241165,-0.26667909999999995,18247.0
0.97599993,628390725,2.0241175,-0.26689768,17906.0
0.97999993,628390742,2.0241199,-0.26778670000000004,17749.0
0.98399993,628390759,2.0241172,-0.26788738,17900.0
0.98799993,628390776,2.0241175,-0.26676697,18590.0
0.99199993,628390794,2.0241163,-0.26722583,19716.0
0.99599993,628390812,2.024119,-0.2668828,20555.0
0.99999993,628390831,2.0241199,-0.26742288,20218.0
1.00399993,628390849,2.0241165,-0.26554720000000004,19783.0
1.00799993,628390868,2.0241175,-0.2666756,19452.0
1.01199993,628390888,2.0241175,-0.2685157,18866.0
1.01599993,628390907,2.024119,-0.2677676,18383.0
1.01999993,628390927,2.024118,-0.267678,17945.0
1.02399992,628390947,2.0241175,-0.2688688,17591.0
1.02799992,628390968,2.0241158,-0.2679287,17362.0
1.03199992,628390989,2.0241196,-0.26888505,17619.0
1.03599992,628391010,2.024115,-0.2685807,18664.0
1.03999992,628391031,2.0241172,-0.26829323,19088.0
1.04399992,628391053,2.02412,-0.26631823,18998.0
1.04799992,628391075,2.0241168000000003,-0.26618963,18773.0
1.05199992,628391097,2.0241191,-0.26617175,18394.0
1.05599992,628391120,2.02412,-0.26581279999999996,17622.0
1.05999992,628391142,2.024115,-0.26564687,16484.0
1.06399992,628391166,2.024118,-0.26650614,19050.0
1.06799992,628391189,2.0241177,-0.26598516,18940.0
1.07199992,628391213,2.0241175,-0.2671623,19015.0
1.07599992,628391236,2.0241184,-0.26726216,19178.0
1.07999992,628391261,2.0241191,-0.26741967,19494.0
1.08399992,628391285,2.0241184,-0.26788083,20392.0
1.08799992,628391310,2.0241172,-0.26649898,21616.0
1.09199992,628391335,2.0241177,-0.2664542,22554.0
1.09599992,628391360,2.0241168000000003,-0.26654884,22577.0
1.09999992,628391385,2.0241191,-0.2660636,22321.0
1.10399992,628391411,2.024118,-0.26500565,22055.0
1.10799992,628391437,2.0241191,-0.2651642,21388.0
1.11199992,628391463,2.0241165,-0.26493055,21035.0
1.11599992,628391489,2.0241158,-0.26503354,20542.0
1.11999992,628391516,2.0241187,-0.2662238,20362.0
1.12399992,628391543,2.0241165,-0.26631540000000004,20119.0
1.12799992,628391570,2.024118,-0.26627308,20505.0
1.13199992,628391597,2.0241187,-0.26602033,21373.0
1.13599992,628391625,2.024119,-0.26548654,22188.0
1.13999992,628391653,2.0241187,-0.26579604,22038.0
1.14399992,628391681,2.0241182,-0.26599708,21752.0
1.14799992,628391709,2.0241163,-0.2656884,21621.0
1.15199992,628391737,2.0241175,-0.26554322,20919.0
1.15599992,628391766,2.024118,-0.2656608,19554.0
1.15999992,628391795,2.024118,-0.2660933,14619.0
1.16399992,628391824,2.02412,-0.26641090000000006,14245.0
1.16799992,628391853,2.0241158,-0.26589328,14082.0
1.17199991,628391882,2.0241163,-0.26475617,14123.0
1.17599991,628391911,2.0241144,-0.26604040000000007,14253.0
1.17999991,628391941,2.0241163,-0.26633662,14437.0
1.18399991,628391970,2.0241177,-0.26609418,15197.0
1.18799991,628392000,2.0241175,-0.26545465,16025.0
1.19199991,628392030,2.0241227,-0.26615068,16742.0
1.19599991,628392060,2.024119,-0.26624578,17345.0
1.19999991,628392090,2.0241177,-0.26620674,17400.0
1.20399991,628392120,2.0241175,-0.26542136,17291.0
1.20799991,628392150,2.0241191,-0.26503986,17473.0
1.21199991,628392180,2.0241227,-0.26539406,17464.0
1.21599991,628392211,2.0241158,-0.2650735,17461.0
1.21999991,628392241,2.0241177,-0.26566973,17683.0
1.22399991,628392271,2.0241165,-0.26533356,18211.0
1.22799991,628392302,2.024119,-0.265439,19749.0
1.23199991,628392332,2.0241137,-0.26564828,20439.0
1.23599991,628392363,2.0241144,-0.2656322,20805.0
1.23999991,628392393,2.0241177,-0.26387653,20840.0
1.24399991,628392423,2.024119,-0.26378942,20670.0
1.24799991,628392454,2.0241187,-0.26323277,20300.0
1.25199991,628392484,2.024116,-0.262223,19719.0
1.25599991,628392514,2.0241203000000003,-0.26214775,16053.0
1.25999991,628392544,2.0241165,-0.26354040000000006,15562.0
1.26399991,628392575,2.0241191,-0.26474854,15439.0
1.26799991,628392605,2.0241141,-0.26420340000000003,15498.0
1.27199991,628392635,2.024118,-0.26528114,15743.0
1.27599991,628392665,2.0241215,-0.2662217,16126.0
1.27999991,628392694,2.0241175,-0.26705068,16793.0
1.28399991,628392724,2.0241203000000003,-0.2677355,17583.0
1.28799991,628392754,2.0241182,-0.26639685,18108.0
1.29199991,628392783,2.0241182,-0.26606026,18035.0
1.29599991,628392813,2.0241196,-0.26643890000000003,17599.0
1.29999991,628392842,2.0241187,-0.26637024,17022.0
1.30399991,628392871,2.024118,-0.26528808,16390.0
1.30799991,628392900,2.0241158,-0.2652302,15921.0
1.31199991,628392928,2.0241196,-0.26584968,15619.0
1.3159999,628392957,2.0241153,-0.26677449999999997,15475.0
1.3199999,628392986,2.024114,-0.26571387,16039.0
1.3239999,628393014,2.0241175,-0.26529682,17080.0
1.3279999,628393042,2.0241148,-0.2642993,17479.0
1.3319999,628393070,2.0241172,-0.26650226,17431.0
1.3359999,628393098,2.0241191,-0.26574907,17458.0
1.3399999,628393125,2.0241249,-0.26498422,17162.0
1.3439999,628393153,2.0241187,-0.2647952,16561.0
1.3479999,628393180,2.0241191,-0.26495290000000005,15645.0
1.3519999,628393207,2.0241158,-0.26475490000000007,15893.0
1.3559999,628393233,2.0241137,-0.26508558,15503.0
1.3599999,628393260,2.0241165,-0.2651389,15315.0
1.3639999,628393287,2.024119,-0.26530790000000004,15264.0
1.3679999,628393312,2.0241187,-0.26512640000000004,15596.0
1.3719999,628393338,2.0241187,-0.26590583,16544.0
1.3759999,628393365,2.0241168000000003,-0.26520684,18227.0
1.3799999,628393391,2.024115,-0.26554003,19281.0
1.3839999,628393417,2.0241153,-0.26528909999999994,19052.0
1.3879999,628393443,2.024118,-0.26377228,18758.0
1.3919999,628393467,2.024118,-0.26319394,18254.0
1.3959999,628393491,2.024116,-0.26452708,17654.0
1.3999999,628393516,2.024118,-0.26495159999999995,17236.0
1.4039999,628393541,2.0241244,-0.26419687,16818.0
1.4079999,628393566,2.0241182,-0.2652649,16450.0
1.4119999,628393589,2.0241196,-0.26449305,16250.0
1.4159999,628393613,2.0241199,-0.26499245,16581.0
1.4199999,628393637,2.0241184,-0.26451996,17953.0
1.4239999,628393661,2.0241203000000003,-0.26321125,18650.0
1.4279999,628393684,2.0241158,-0.2646886,18653.0
1.4319999,628393707,2.0241175,-0.26582056,18645.0
1.4359999,628393730,2.0241177,-0.2648532,18444.0
1.4399999,628393753,2.0241177,-0.2645099,17832.0
1.4439999,628393776,2.0241196,-0.26626292,16906.0
1.4479999,628393798,2.0241172,-0.26460877,17381.0
1.4519999,628393820,2.0241187,-0.26654488,17048.0
1.4559999,628393843,2.0241196,-0.26544383,16862.0
1.45999989,628393864,2.024118,-0.26452070000000005,16876.0
1.46399989,628393886,2.0241206000000003,-0.26518738,17185.0
1.46799989,628393907,2.0241175,-0.26515868,18127.0
1.47199989,628393929,2.0241203000000003,-0.26631,19901.0
1.47599989,628393950,2.0241165,-0.26435468,20605.0
1.47999989,628393970,2.024118,-0.26345240000000003,20312.0
1.48399989,628393991,2.0241175,-0.26498008,19945.0
1.48799989,628394011,2.02412,-0.2639548,19364.0
1.49199989,628394032,2.0241182,-0.26295367,18559.0
1.49599989,628394052,2.024119,-0.26483825,17977.0
1.49999989,628394072,2.024119,-0.26454934,17693.0
1.50399989,628394091,2.0241153,-0.26411974,17396.0
1.50799989,628394111,2.0241184,-0.26333252,17246.0
1.51199989,628394130,2.0241196,-0.26271546,17669.0
1.51599989,628394149,2.0241175,-0.26376545,18921.0
1.51999989,628394168,2.0241175,-0.26466763,19446.0
1.52399989,628394187,2.0241199,-0.26438215,19506.0
1.52799989,628394205,2.0241165,-0.2657888,19477.0
1.53199989,628394224,2.0241187,-0.2660857,19068.0
1.53599989,628394242,2.0241177,-0.26619112,18062.0
1.53999989,628394260,2.024119,-0.26559284,16826.0
1.54399989,628394278,2.0241199,-0.26587990000000006,17126.0
1.54799989,628394296,2.024118,-0.26607403,16709.0
1.55199989,628394313,2.0241184,-0.2661608,16618.0
1.55599989,628394331,2.0241187,-0.26517224,16546.0
1.55999989,628394348,2.0241163,-0.26536977,16905.0
1.56399989,628394365,2.0241187,-0.26449686,17889.0
1.56799989,628394382,2.0241177,-0.26549974,19542.0
1.57199989,628394399,2.0241191,-0.26570812,20491.0
1.57599989,628394416,2.0241153,-0.26531679999999996,20295.0
1.57999989,628394432,2.0241182,-0.26699564,19843.0
1.58399989,628394449,2.024119,-0.26707438,19422.0
1.58799989,628394465,2.024118,-0.26581213,19050.0
1.59199989,628394481,2.0241177,-0.26478517,18519.0
1.59599989,628394497,2.0241156000000005,-0.2656862,18301.0
1.59999989,628394513,2.024119,-0.26569712,17748.0
1.60399989,628394529,2.0241182,-0.26442274,17696.0
1.60799988,628394545,2.0241199,-0.26391056,18153.0
1.61199988,628394561,2.0241182,-0.26418602,19645.0
1.61599988,628394576,2.0241222,-0.2640545,20441.0
1.61999988,628394592,2.024118,-0.26503354,20502.0
1.62399988,628394607,2.0241191,-0.2650626,20486.0
1.62799988,628394623,2.024119,-0.26570556,20274.0
1.63199988,628394638,2.02412,-0.26522055,19304.0
1.63599988,628394653,2.0241177,-0.2656542,18139.0
1.63999988,628394668,2.0241158,-0.26494876,16704.0
1.64399988,628394683,2.0241191,-0.26559383,16281.0
1.64799988,628394698,2.0241177,-0.26723865,16064.0
1.65199988,628394713,2.0241191,-0.265355,16155.0
1.65599988,628394728,2.0241158,-0.26612625,16500.0
1.65999988,628394743,2.0241153,-0.26561537,17338.0
1.66399988,628394758,2.0241175,-0.26647988,18923.0
1.66799988,628394773,2.0241165,-0.26703802,19920.0
1.67199988,628394787,2.0241172,-0.2667552,19679.0
1.67599988,628394802,2.0241182,-0.26676768,19432.0
1.67999988,628394817,2.02412,-0.2661917,19293.0
1.68399988,628394831,2.0241168000000003,-0.26533142,19182.0
1.68799988,628394846,2.0241172,-0.26461303,19022.0
1.69199988,628394860,2.0241182,-0.2657386,18917.0
1.69599988,628394875,2.0241182,-0.26553926,18750.0
1.69999988,628394889,2.024121,-0.2653503,18749.0
1.70399988,628394903,2.0241177,-0.26621708,19204.0
1.70799988,628394918,2.0241168000000003,-0.26591623,20431.0
1.71199988,628394932,2.0241199,-0.26514512,20996.0
1.71599988,628394946,2.024118,-0.26530385,20837.0
1.71999988,628394960,2.0241163,-0.26597908,20689.0
1.72399988,628394974,2.0241172,-0.26590064,20285.0
1.72799988,628394988,2.0241168000000003,-0.26514146,19248.0
1.73199988,628395002,2.0241158,-0.26556855,18021.0
1.73599988,628395016,2.0241191,-0.26603407,14308.0
1.73999988,628395030,2.0241168000000003,-0.26583493,14116.0
1.74399988,628395043,2.0241158,-0.26580983,14021.0
1.74799988,628395057,2.0241141,-0.26656178,14052.0
1.75199987,628395071,2.0241208,-0.26660988,14408.0
1.75599987,628395084,2.0241184,-0.26679322,15501.0
1.75999987,628395098,2.0241177,-0.26645622,17190.0
1.76399987,628395111,2.0241227,-0.26558408,18404.0
1.76799987,628395125,2.0241148,-0.26647067,18474.0
1.77199987,628395138,2.0241187,-0.26728472,18536.0
1.77599987,628395152,2.0241172,-0.26662716,18575.0
1.77999987,628395165,2.0241182,-0.26625732,18493.0
1.78399987,628395178,2.024114,-0.26697412,18435.0
1.78799987,628395191,2.0241184,-0.26746872,18492.0
1.79199987,628395204,2.0241163,-0.26686716,18438.0
1.79599987,628395217,2.0241187,-0.26612455,18484.0
1.79999987,628395230,2.0241184,-0.2662435,18945.0
1.80399987,628395243,2.024119,-0.26580065,20103.0
1.80799987,628395256,2.0241168000000003,-0.26619354,20564.0
1.81199987,628395268,2.0241191,-0.26574185,20447.0
1.81599987,628395281,2.0241165,-0.26474804,20311.0
1.81999987,628395294,2.0241187,-0.26678813,19814.0
1.82399987,628395306,2.0241199,-0.2670965,18762.0
1.82799987,628395319,2.0241182,-0.26641718,17504.0
1.83199987,628395331,2.0241187,-0.26507512,14153.0
1.83599987,628395344,2.0241187,-0.26688954,13683.0
1.83999987,628395356,2.0241199,-0.2658676,13427.0
1.84399987,628395368,2.0241168000000003,-0.26529685,13373.0
1.84799987,628395380,2.0241177,-0.26668495,13460.0
1.85199987,628395392,2.0241141,-0.26601654,13704.0
1.85599987,628395404,2.024116,-0.26649037,14157.0
1.85999987,628395416,2.0241182,-0.26599556,14802.0
1.86399987,628395428,2.0241165,-0.26631707,15422.0
1.86799987,628395440,2.0241182,-0.26616558,15757.0
1.87199987,628395452,2.0241175,-0.26605302,15688.0
1.87599987,628395463,2.0241206000000003,-0.26631940000000004,15728.0
1.87999987,628395475,2.024118,-0.26620737,15848.0
1.88399987,628395486,2.024119,-0.26527092,15678.0
1.88799987,628395498,2.0241196,-0.26544392,15388.0
1.89199987,628395509,2.0241227,-0.26464770000000004,15505.0
1.89599986,628395520,2.0241168000000003,-0.26453498,16012.0
1.89999986,628395532,2.0241177,-0.26486003,16918.0
1.90399986,628395543,2.0241177,-0.26619488,17200.0
1.90799986,628395554,2.0241177,-0.26521686,17245.0
1.91199986,628395565,2.0241163,-0.2645531,16986.0
1.91599986,628395576,2.024118,-0.26553590000000005,16650.0
1.91999986,628395587,2.0241177,-0.26607516,15860.0
1.92399986,628395598,2.0241182,-0.26547298,14939.0
1.92799986,628395608,2.0241177,-0.2666905,13881.0
1.93199986,628395619,2.0241153,-0.26718846,13431.0
1.93599986,628395630,2.0241148,-0.26519138,13099.0
1.93999986,628395640,2.0241208,-0.2653081,13042.0
1.94399986,628395651,2.0241187,-0.265365,13204.0
1.94799986,628395661,2.0241158,-0.26424593,13629.0
1.95199986,628395671,2.024118,-0.26473259999999993,14268.0
1.95599986,628395681,2.0241227,-0.26357183,15105.0
1.95999986,628395691,2.0241175,-0.26358762,15708.0
1.96399986,628395702,2.0241177,-0.26356393,16234.0
1.96799986,628395712,2.0241163,-0.26469082,16452.0
1.97199986,628395721,2.024118,-0.26548153,16327.0
1.97599986,628395731,2.0241199,-0.26554,16159.0
1.97999986,628395741,2.0241175,-0.26507124,16012.0
1.98399986,628395751,2.0241165,-0.26504305,15889.0
1.98799986,628395760,2.0241165,-0.263751,15814.0
1.99199986,628395770,2.0241184,-0.26334256,16382.0
1.99599986,628395779,2.0241196,-0.26313186,17323.0
1.99999986,628395788,2.024118,-0.26343063,17381.0
2.00399986,628395798,2.02412,-0.26385644,17048.0
2.00799986,628395807,2.0241187,-0.26370743,16902.0
2.01199986,628395816,2.0241175,-0.26434904,16611.0
2.01599986,628395825,2.0241184,-0.2631986,15910.0
2.01999986,628395834,2.0241148,-0.26328596,14948.0
2.02399986,628395843,2.0241163,-0.26434475,13815.0
2.02799986,628395852,2.0241182,-0.2643737,13451.0
2.03199986,628395860,2.0241182,-0.26586616,13122.0
2.03599986,628395869,2.0241184,-0.26649103,13096.0
2.03999985,628395878,2.024121,-0.26591262,13333.0
2.04399985,628395886,2.024118,-0.26663014,14167.0
2.04799985,628395895,2.0241156000000005,-0.2647422,15812.0
2.05199985,628395903,2.0241175,-0.26462555,16831.0
2.05599985,628395911,2.0241177,-0.26252764,16861.0
2.05999985,628395919,2.0241182,-0.26322195,16645.0
2.06399985,628395927,2.0241163,-0.26472864,16593.0
2.06799985,628395935,2.0241156000000005,-0.26582006,16493.0
2.07199985,628395943,2.0241165,-0.26631728,16361.0
2.07599985,628395951,2.0241191,-0.26569299999999996,16226.0
2.07999985,628395959,2.024118,-0.26528934,16044.0
2.08399985,628395966,2.0241191,-0.26368165,15886.0
2.08799985,628395974,2.0241172,-0.2622868,16221.0
2.09199985,628395981,2.0241184,-0.2628762,17147.0
2.09599985,628395989,2.0241177,-0.26472875,17256.0
2.09999985,628395996,2.0241182,-0.26397628,17051.0
2.10399985,628396003,2.0241203000000003,-0.26467365,16840.0
2.10799985,628396010,2.0241168000000003,-0.26334843,16587.0
2.11199985,628396018,2.0241187,-0.2636461,15789.0
2.11599985,628396025,2.024119,-0.26386926,14772.0
2.11999985,628396031,2.024116,-0.26551953,14507.0
2.12399985,628396038,2.0241177,-0.2663244,14036.0
2.12799985,628396045,2.0241182,-0.26641443,13918.0
2.13199985,628396052,2.0241182,-0.2659342,13839.0
2.13599985,628396058,2.0241168000000003,-0.26596743,14140.0
2.13999985,628396065,2.0241191,-0.26617727,14968.0
2.14399985,628396071,2.0241187,-0.26618427,16659.0
2.14799985,628396077,2.0241177,-0.26516616,17512.0
2.15199985,628396084,2.0241191,-0.26503843,17473.0
2.15599985,628396090,2.0241175,-0.26522437,17338.0
2.15999985,628396096,2.024116,-0.26525044,17417.0
2.16399985,628396102,2.0241168000000003,-0.26459157,17334.0
2.16799985,628396108,2.024118,-0.26435298,17280.0
2.17199985,628396113,2.0241172,-0.26365665,17233.0
2.17599985,628396119,2.0241168000000003,-0.26455438,17047.0
2.17999985,628396125,2.0241172,-0.2646241,17037.0
2.18399985,628396130,2.0241165,-0.2651895,17392.0
2.18799984,628396136,2.0241175,-0.265277,18054.0
2.19199984,628396141,2.0241177,-0.26580203,18180.0
2.19599984,628396146,2.0241168000000003,-0.26517513,17854.0
2.19999984,628396152,2.024118,-0.26422718,17699.0
2.20399984,628396157,2.024116,-0.26449937,17106.0
2.20799984,628396162,2.024118,-0.26468912,16127.0
2.21199984,628396167,2.024119,-0.26395857,14876.0
2.21599984,628396172,2.0241187,-0.26562977,13277.0
2.21999984,628396176,2.0241182,-0.26444164,12886.0
2.22399984,628396181,2.024119,-0.2635825,12670.0
2.22799984,628396186,2.024119,-0.26346982,12680.0
2.23199984,628396190,2.024118,-0.26407385,12980.0
2.23599984,628396195,2.024118,-0.26440640000000004,13932.0
2.23999984,628396199,2.02412,-0.26530397,15795.0
2.24399984,628396203,2.0241184,-0.26341307,16793.0
2.24799984,628396207,2.0241187,-0.26441884,16628.0
2.25199984,628396211,2.024118,-0.26512825,16538.0
2.25599984,628396215,2.0241177,-0.26489884,16466.0
2.25999984,628396219,2.0241182,-0.26413113,16169.0
2.26399984,628396223,2.024119,-0.26317090000000004,15988.0
2.26799984,628396227,2.0241177,-0.26461828,15800.0
2.27199984,628396231,2.0241177,-0.26417729999999995,15568.0
2.27599984,628396234,2.0241153,-0.2641698,15505.0
2.27999984,628396238,2.0241187,-0.26476285,15918.0
2.28399984,628396241,2.0241184,-0.26361087,17343.0
2.28799984,628396244,2.0241184,-0.2641915,17776.0
2.29199984,628396248,2.0241184,-0.26451737,17822.0
2.29599984,628396251,2.0241184,-0.26448727,17875.0
2.29999984,628396254,2.0241187,-0.26521945,17503.0
2.30399984,628396257,2.0241177,-0.26488477,16477.0
2.30799984,628396260,2.0241187,-0.26610932,15259.0
2.31199984,628396262,2.0241177,-0.26615027,13562.0
2.31599984,628396265,2.024119,-0.26646084,13150.0
2.31999984,628396268,2.0241175,-0.26482016,12930.0
2.32399984,628396270,2.0241184,-0.2649698,12823.0
2.32799984,628396273,2.024118,-0.26454848,12963.0
2.33199983,628396275,2.0241199,-0.26551592,13915.0
2.33599983,628396277,2.0241165,-0.26454237,15577.0
2.33999983,628396280,2.0241158,-0.26397209999999993,16630.0
2.34399983,628396282,2.0241172,-0.2651385,16554.0
2.34799983,628396284,2.024118,-0.26513115,16597.0
2.35199983,628396286,2.0241168000000003,-0.26607123,16431.0
2.35599983,628396287,2.024121,-0.26584664,16223.0
2.35999983,628396289,2.0241182,-0.26652974,16054.0
2.36399983,628396291,2.0241187,-0.266257,15787.0
2.36799983,628396292,2.0241177,-0.26589113,15538.0
2.37199983,628396294,2.0241182,-0.26593720000000004,15484.0
2.37599983,628396295,2.0241187,-0.26632258,15782.0
2.37999983,628396297,2.0241187,-0.2664245,16935.0
2.38399983,628396298,2.0241175,-0.26497924,17249.0
2.38799983,628396299,2.0241168000000003,-0.26609814,17045.0
2.39199983,628396300,2.0241199,-0.26545125,16958.0
2.39599983,628396301,2.0241182,-0.26643723,16499.0
2.39999983,628396302,2.024119,-0.26559284,15426.0
2.40399983,628396303,2.0241182,-0.26465067,14223.0
2.40799983,628396304,2.0241175,-0.26462835,13563.0
2.41199983,628396304,2.0241177,-0.26417127,13318.0
2.41599983,628396305,2.0241182,-0.26609087,13204.0
2.41999983,628396305,2.0241156000000005,-0.26571718,13239.0
2.42399983,628396306,2.0241225,-0.26447603,13556.0
2.42799983,628396306,2.0241165,-0.264939,14605.0
2.43199983,628396306,2.024119,-0.26462552,16104.0
2.43599983,628396307,2.0241168000000003,-0.2647025,17348.0
2.43999983,628396307,2.0241163,-0.26326677,17211.0
2.44399983,628396307,2.024119,-0.2636711,17212.0
2.44799983,628396307,2.0241158,-0.26368737,17260.0
2.45199983,628396306,2.0241182,-0.26448879999999997,17153.0
2.45599983,628396306,2.0241165,-0.26497823,16879.0
2.45999983,628396306,2.0241182,-0.26539916,16645.0
2.46399983,628396305,2.02412,-0.2645574,16432.0
2.46799983,628396305,2.0241168000000003,-0.26370037,16494.0
2.47199983,628396304,2.0241187,-0.26535785,16755.0
2.47599982,628396304,2.0241196,-0.26598716,17682.0
2.47999982,628396303,2.0241191,-0.2656455,17901.0
2.48399982,628396302,2.024118,-0.26582867,17700.0
2.48799982,628396301,2.0241222,-0.26459795,17382.0
2.49199982,628396300,2.0241175,-0.2637727,16851.0
2.49599982,628396299,2.024118,-0.26385729999999996,15682.0
2.49999982,628396298,2.0241175,-0.26489988,14402.0
2.50399982,628396297,2.0241182,-0.26666766,13960.0
2.50799982,628396295,2.0241199,-0.26616090000000003,13536.0
2.51199982,628396294,2.0241184,-0.26466903,13430.0
2.51599982,628396292,2.0241175,-0.26485336,13377.0
2.51999982,628396291,2.0241158,-0.26533290000000004,13484.0
2.52399982,628396289,2.0241172,-0.26421538,13797.0
2.52799982,628396287,2.024119,-0.26284322,14271.0
2.53199982,628396286,2.0241163,-0.26389070000000003,14826.0
2.53599982,628396284,2.0241196,-0.26510736,15369.0
2.53999982,628396282,2.0241156000000005,-0.26471558,15322.0
2.54399982,628396280,2.0241182,-0.26461527,14774.0
2.54799982,628396278,2.024116,-0.26430237,14296.0
2.55199982,628396275,2.0241184,-0.2636219,14018.0
2.55599982,628396273,2.0241199,-0.26317608,13725.0
2.55999982,628396271,2.0241191,-0.26375666,13488.0
2.56399982,628396268,2.024119,-0.26481220000000005,13549.0
2.56799982,628396266,2.0241163,-0.26435772,14089.0
2.57199982,628396263,2.0241203000000003,-0.26549920000000005,15557.0
2.57599982,628396261,2.0241182,-0.2648994,16124.0
2.57999982,628396258,2.0241191,-0.26546192,16111.0
2.58399982,628396255,2.0241175,-0.26413074,16216.0
2.58799982,628396252,2.0241156000000005,-0.265071,15723.0
2.59199982,628396249,2.0241175,-0.26419267,14975.0
2.59599982,628396246,2.0241199,-0.26368448,14180.0
2.59999982,628396243,2.024118,-0.2634788,15123.0
2.60399982,628396239,2.0241172,-0.26417738,14748.0
2.60799982,628396236,2.0241184,-0.26346514,14662.0
2.61199982,628396232,2.0241172,-0.26345965,14540.0
2.61599982,628396229,2.0241184,-0.26240832,14626.0
2.61999981,628396225,2.0241175,-0.26363412,15196.0
2.62399981,628396221,2.0241148,-0.26444304,15893.0
2.62799981,628396217,2.0241172,-0.26317772,16632.0
2.63199981,628396213,2.0241172,-0.26367575,17069.0
2.63599981,628396209,2.0241232,-0.26546379999999997,16887.0
2.63999981,628396205,2.0241182,-0.2648722,16460.0
2.64399981,628396201,2.024116,-0.2654474,15850.0
2.64799981,628396196,2.0241168000000003,-0.2663293,15261.0
2.65199981,628396191,2.0241191,-0.26635729999999996,14884.0
2.65599981,628396187,2.0241175,-0.26545784,14602.0
2.65999981,628396182,2.0241141,-0.26528805,14500.0
2.66399981,628396177,2.0241184,-0.26620018,14812.0
2.66799981,628396171,2.024119,-0.26762035,16172.0
2.67199981,628396166,2.0241187,-0.26621866,16364.0
2.67599981,628396161,2.0241182,-0.26622979999999996,16494.0
2.67999981,628396155,2.024119,-0.26414588,16418.0
2.68399981,628396149,2.0241184,-0.26516238,16078.0
2.68799981,628396143,2.0241187,-0.26594698,15557.0
2.69199981,628396137,2.0241191,-0.26514348,14662.0
2.69599981,628396131,2.0241177,-0.26597859999999995,15309.0
2.69999981,628396124,2.0241234,-0.2651275,14792.0
2.70399981,628396118,2.024118,-0.2656108,14581.0
2.70799981,628396111,2.024116,-0.26560852,14599.0
2.71199981,628396104,2.024118,-0.26480848,14848.0
2.71599981,628396097,2.0241203000000003,-0.26406404,15751.0
2.71999981,628396090,2.024115,-0.26442942,17454.0
2.72399981,628396082,2.0241177,-0.2644979,18324.0
2.72799981,628396075,2.0241175,-0.26475066,18082.0
2.73199981,628396067,2.0241163,-0.26481703,17687.0
2.73599981,628396059,2.0241187,-0.26457042,17439.0
2.73999981,628396051,2.0241168000000003,-0.26531127,16952.0
2.74399981,628396042,2.0241177,-0.26454458,16601.0
2.74799981,628396034,2.0241163,-0.26406646,16348.0
2.75199981,628396025,2.0241187,-0.26522490000000004,16038.0
2.75599981,628396016,2.0241184,-0.26514575,15891.0
2.75999981,628396006,2.024116,-0.26490307,16114.0
2.76399981,628395997,2.024122,-0.2636685,17334.0
2.7679998,628395987,2.0241168000000003,-0.26373377,17888.0
2.7719998,628395977,2.0241172,-0.265787,17729.0
2.7759998,628395967,2.0241199,-0.26398993,17782.0
2.7799998,628395957,2.024118,-0.26435542,17617.0
2.7839998,628395946,2.0241199,-0.26450807,16824.0
2.7879998,628395936,2.0241184,-0.26386407,15864.0
2.7919998,628395925,2.0241172,-0.26415026,15575.0
2.7959998,628395913,2.024115,-0.2639285,15243.0
2.7999998,628395902,2.0241196,-0.26427674,15087.0
2.8039998,628395890,2.0241156000000005,-0.2637252,15022.0
2.8079998,628395878,2.024119,-0.26351374,15354.0
2.8119998,628395866,2.0241191,-0.26225373,16227.0
2.8159998,628395854,2.0241177,-0.26335976,18049.0
2.8199998,628395841,2.0241175,-0.26437940000000004,18943.0
2.8239998,628395828,2.0241184,-0.26554179999999994,18728.0
2.8279998,628395815,2.0241182,-0.26480544,18225.0
2.8319998,628395802,2.024118,-0.2643713,17885.0
2.8359998,628395789,2.024118,-0.2645626,17258.0
2.8399998,628395775,2.0241184,-0.26467305,16796.0
2.8439998,628395761,2.0241163,-0.26422540000000005,16399.0
2.8479998,628395747,2.0241203000000003,-0.26541440000000005,15969.0
2.8519998,628395732,2.0241184,-0.26558143,15839.0
2.8559998,628395718,2.0241156000000005,-0.26550075,16290.0
2.8599998,628395703,2.0241156000000005,-0.26547647,17567.0
2.8639998,628395688,2.0241172,-0.26440263,18361.0
2.8679998,628395672,2.0241199,-0.2640748,18458.0
2.8719998,628395657,2.0241148,-0.26400256,18338.0
2.8759998,628395641,2.024119,-0.2637235,18064.0
2.8799998,628395625,2.0241172,-0.26502746,17061.0
2.8839998,628395609,2.0241187,-0.2654744,16047.0
2.8879998,628395593,2.0241196,-0.2639495,14133.0
2.8919998,628395576,2.024118,-0.264771,13700.0
2.8959998,628395559,2.0241177,-0.26496196,13396.0
2.8999998,628395542,2.024119,-0.26572640000000003,13353.0
2.9039998,628395525,2.0241177,-0.26635602,13588.0
2.9079998,628395508,2.02412,-0.26451775,14460.0
2.91199979,628395491,2.0241182,-0.2649408,16015.0
2.91599979,628395473,2.0241191,-0.26367670000000004,16999.0
2.91999979,628395455,2.0241158,-0.2642265,17017.0
2.92399979,628395437,2.0241182,-0.26477253,17003.0
2.92799979,628395419,2.024118,-0.26548192,17147.0
2.93199979,628395401,2.0241177,-0.2653184,16914.0
2.93599979,628395382,2.0241172,-0.2650732,16620.0
2.93999979,628395364,2.0241153,-0.26577458,16321.0
2.94399979,628395345,2.0241177,-0.26493123,15997.0
2.94799979,628395327,2.0241163,-0.26672903,15972.0
2.95199979,628395308,2.0241158,-0.26643863,16284.0
2.95599979,628395289,2.0241177,-0.26569253,17657.0
2.95999979,628395270,2.0241172,-0.26549140000000004,18428.0
2.96399979,628395251,2.0241187,-0.26552746,18400.0
2.96799979,628395232,2.024118,-0.2646146,18384.0
2.97199979,628395213,2.0241158,-0.26461118,18078.0
2.97599979,628395193,2.0241175,-0.26526004,17174.0
2.97999979,628395174,2.0241187,-0.26337907,16165.0
2.98399979,628395155,2.0241172,-0.26408073,14437.0
2.98799979,628395135,2.024119,-0.26473007,14061.0
2.99199979,628395116,2.0241165,-0.26528922,13843.0
2.99599979,628395097,2.0241168000000003,-0.26613995,13818.0
2.99999979,628395077,2.0241163,-0.26483482,14062.0
3.00399979,628395058,2.024119,-0.26547888,14942.0
3.00799979,628395039,2.0241172,-0.2646898,16480.0
3.01199979,628395020,2.0241187,-0.26422933,17314.0
3.01599979,628395000,2.0241168000000003,-0.26492167,17206.0
3.01999979,628394981,2.0241175,-0.26475024,17120.0
3.02399979,628394962,2.024119,-0.26476842,17065.0
3.02799979,628394943,2.0241163,-0.26493096,16863.0
3.03199979,628394923,2.024118,-0.26456827,16814.0
3.03599979,628394904,2.0241172,-0.2648791,16749.0
3.03999979,628394885,2.0241165,-0.26506516,16616.0
3.04399979,628394867,2.0241184,-0.26376292,16787.0
3.04799979,628394848,2.0241168000000003,-0.26411045,17233.0
3.05199979,628394829,2.0241165,-0.26422557,18123.0
3.05599978,628394810,2.0241172,-0.26440185,18388.0
3.05999978,628394791,2.0241184,-0.26503086,18189.0
3.06399978,628394773,2.0241182,-0.2640973,17797.0
3.06799978,628394754,2.0241177,-0.26389578,17247.0
3.07199978,628394736,2.024118,-0.2647819,16103.0
3.07599978,628394718,2.024116,-0.26509590000000005,14902.0
3.07999978,628394699,2.024119,-0.26605300000000004,14484.0
3.08399978,628394681,2.024118,-0.2642333,14185.0
3.08799978,628394663,2.024119,-0.26437128,14003.0
3.09199978,628394645,2.0241168000000003,-0.26357573,14075.0
3.09599978,628394628,2.024118,-0.26411396,14413.0
3.09999978,628394610,2.024118,-0.26491684,15361.0
3.10399978,628394593,2.0241156000000005,-0.26391947,16980.0
3.10799978,628394575,2.024114,-0.26400223,17907.0
3.11199978,628394558,2.0241153,-0.26368463,17740.0
3.11599978,628394541,2.0241175,-0.26364829999999995,17617.0
3.11999978,628394524,2.0241153,-0.26487133,17486.0
3.12399978,628394507,2.0241187,-0.26584095,17275.0
3.12799978,628394491,2.0241191,-0.2638081,17079.0
3.13199978,628394474,2.0241184,-0.26462704,16999.0
3.13599978,628394458,2.0241182,-0.2645364,16737.0
3.13999978,628394442,2.0241177,-0.26483023,16660.0
3.14399978,628394426,2.0241182,-0.2640304,16922.0
3.14799978,628394410,2.024118,-0.26353425,17949.0
3.15199978,628394395,2.02412,-0.26322007,18246.0
3.15599978,628394379,2.0241191,-0.2643132,18179.0
3.15999978,628394364,2.0241163,-0.26383725,17914.0
3.16399978,628394349,2.0241175,-0.26419964,17355.0
3.16799978,628394334,2.0241203000000003,-0.26492596,16441.0
3.17199978,628394319,2.0241177,-0.26527795,15234.0
3.17599978,628394305,2.024115,-0.26465222,12678.0
3.17999978,628394291,2.0241168000000003,-0.26487163,12292.0
3.18399978,628394277,2.0241172,-0.26563516,12015.0
3.18799978,628394263,2.024119,-0.26407748,11934.0
3.19199978,628394249,2.0241168000000003,-0.26446098,12077.0
3.19599978,628394236,2.0241191,-0.2642168,12253.0
3.19999978,628394223,2.0241187,-0.26354426,12690.0
3.20399977,628394210,2.0241182,-0.26414776,13423.0
3.20799977,628394197,2.0241168000000003,-0.26267009999999996,14082.0
3.21199977,628394185,2.0241182,-0.26226187,14509.0
3.21599977,628394172,2.0241208,-0.2648377,14606.0
3.21999977,628394160,2.0241184,-0.26477268,14716.0
3.22399977,628394148,2.0241184,-0.26460573,14567.0
3.22799977,628394137,2.0241199,-0.26509824,14565.0
3.23199977,628394126,2.024118,-0.26525602,14347.0
3.23599977,628394115,2.0241172,-0.264206,14318.0
3.23999977,628394104,2.0241191,-0.2657723,14675.0
3.24399977,628394093,2.0241177,-0.2653331,15910.0
3.24799977,628394083,2.0241187,-0.26404038,16406.0
3.25199977,628394073,2.0241191,-0.2636354,16582.0
3.25599977,628394063,2.024118,-0.26422829999999997,16447.0
3.25999977,628394054,2.0241172,-0.26417777,16162.0
3.26399977,628394045,2.024119,-0.26451173,15528.0
3.26799977,628394036,2.0241163,-0.26497743,14837.0
3.27199977,628394027,2.024118,-0.2647435,13163.0
3.27599977,628394019,2.0241184,-0.26489120000000005,12878.0
3.27999977,628394011,2.024119,-0.2640166,12648.0
3.28399977,628394003,2.0241175,-0.26461202,12607.0
3.28799977,628393995,2.0241191,-0.26444355,12859.0
3.29199977,628393988,2.0241156000000005,-0.2637042,13113.0
3.29599977,628393981,2.0241184,-0.26429775,13717.0
3.29999977,628393975,2.0241168000000003,-0.26406872,14321.0
3.30399977,628393968,2.024118,-0.26428804,14807.0
3.30799977,628393962,2.024118,-0.2642242,15000.0
3.31199977,628393956,2.0241175,-0.26371473,14857.0
3.31599977,628393951,2.0241168000000003,-0.26451209999999997,14443.0
3.31999977,628393946,2.024118,-0.26459432,14237.0
3.32399977,628393941,2.0241158,-0.26495188,13888.0
3.32799977,628393936,2.024116,-0.26476154,13793.0
3.33199977,628393932,2.0241182,-0.26516402,13907.0
3.33599977,628393928,2.0241165,-0.2643541,14364.0
3.33999977,628393924,2.0241175,-0.26423264,15281.0
3.34399977,628393921,2.024116,-0.26373944,15417.0
3.34799976,628393918,2.0241196,-0.26416504,15368.0
3.35199976,628393915,2.0241175,-0.2648479,15237.0
3.35599976,628393913,2.0241165,-0.26432654,14906.0
3.35999976,628393911,2.024115,-0.26372477,14229.0
3.36399976,628393909,2.0241182,-0.26378363,13428.0
3.36799976,628393907,2.0241168000000003,-0.2647514,13332.0
3.37199976,628393906,2.024119,-0.26451093,13123.0
3.37599976,628393905,2.0241163,-0.2635929,13091.0
3.37999976,628393905,2.0241165,-0.26468825,13156.0
3.38399976,628393905,2.0241165,-0.26374087,13402.0
3.38799976,628393905,2.0241172,-0.26453364,13919.0
3.39199976,628393905,2.0241182,-0.26404659999999996,14563.0
3.39599976,628393906,2.0241182,-0.26388848,15072.0
3.39999976,628393907,2.024118,-0.26322556,15427.0
3.40399976,628393909,2.024118,-0.26453390000000004,15493.0
3.40799976,628393911,2.0241156000000005,-0.26482448,15247.0
3.41199976,628393913,2.0241175,-0.26457632,14915.0
3.41599976,628393915,2.0241175,-0.26611084,14691.0
3.41999976,628393918,2.0241184,-0.26592162,14366.0
3.42399976,628393921,2.0241177,-0.26494148,14027.0
3.42799976,628393925,2.0241168000000003,-0.2639931,13989.0
3.43199976,628393929,2.0241182,-0.26403865,14218.0
3.43599976,628393933,2.0241182,-0.2637368,15132.0
3.43999976,628393937,2.0241196,-0.26324138,15465.0
3.44399976,628393942,2.024119,-0.26355007,15375.0
3.44799976,628393947,2.0241148,-0.26380387,15231.0
3.45199976,628393953,2.024119,-0.263527,15008.0
3.45599976,628393958,2.0241182,-0.26418635,14445.0
3.45999976,628393965,2.0241215,-0.26472926,13781.0
3.46399976,628393971,2.0241196,-0.26464736,12244.0
3.46799976,628393978,2.0241182,-0.26452187,11750.0
3.47199976,628393985,2.0241153,-0.26423097,11480.0
3.47599976,628393993,2.0241206000000003,-0.26474875,11438.0
3.47999976,628394001,2.024115,-0.2644761,11427.0
3.48399976,628394009,2.0241158,-0.26369774,11657.0
3.48799976,628394017,2.0241184,-0.26517677,12183.0
3.49199975,628394026,2.0241163,-0.26464087,12850.0
3.49599975,628394035,2.0241177,-0.26534507,13747.0
3.49999975,628394045,2.0241187,-0.26505148,14652.0
3.50399975,628394055,2.0241187,-0.26337016,15072.0
3.50799975,628394065,2.0241153,-0.2631703,14980.0
3.51199975,628394075,2.0241199,-0.26439917,14262.0
3.51599975,628394086,2.0241184,-0.26408586,13472.0
3.51999975,628394098,2.0241203000000003,-0.26588604,13036.0
3.52399975,628394109,2.0241182,-0.26524433,12847.0
3.52799975,628394121,2.024119,-0.26477963,12962.0
3.53199975,628394133,2.0241184,-0.263936,13618.0
3.53599975,628394146,2.0241172,-0.26344743,14104.0
3.53999975,628394159,2.0241168000000003,-0.2643616,14314.0
3.54399975,628394172,2.0241184,-0.26395258,14500.0
3.54799975,628394186,2.024118,-0.26330159999999997,14583.0
3.55199975,628394199,2.0241187,-0.26302559999999997,14279.0
3.55599975,628394214,2.0241187,-0.26287457,13784.0
3.55999975,628394228,2.0241168000000003,-0.26272407,12829.0
3.56399975,628394243,2.0241199,-0.2630031,12420.0
3.56799975,628394258,2.0241177,-0.2637663,12192.0
3.57199975,628394274,2.0241196,-0.26440895,12146.0
3.57599975,628394289,2.0241187,-0.26417336,12349.0
3.57999975,628394306,2.0241184,-0.26471964,13180.0
3.58399975,628394322,2.024118,-0.26567572,14564.0
3.58799975,628394339,2.0241184,-0.26468179999999997,15665.0
3.59199975,628394356,2.0241203000000003,-0.26467422,15943.0
3.59599975,628394373,2.0241206000000003,-0.26383779999999996,16226.0
3.59999975,628394391,2.0241165,-0.26355338,16332.0
3.60399975,628394409,2.0241156000000005,-0.26430726,16350.0
3.60799975,628394427,2.0241172,-0.26429063,16202.0
3.61199975,628394446,2.0241177,-0.2641612,16062.0
3.61599975,628394465,2.02412,-0.26474753,15836.0
3.61999975,628394484,2.0241182,-0.26399973,15663.0
3.62399975,628394504,2.024121,-0.26405838,15679.0
3.62799975,628394524,2.0241172,-0.26456207,16202.0
3.63199975,628394544,2.0241172,-0.26428053,16360.0
3.63599974,628394564,2.0241199,-0.2643397,16068.0
3.63999974,628394585,2.024118,-0.26378065,15811.0
3.64399974,628394606,2.0241177,-0.26450828,15325.0
3.64799974,628394628,2.0241177,-0.26496828,14345.0
3.65199974,628394649,2.0241199,-0.26339257,13165.0
3.65599974,628394671,2.0241168000000003,-0.26235232,13158.0
3.65999974,628394693,2.024118,-0.26183644,12767.0
3.66399974,628394716,2.0241199,-0.2626019,12539.0
3.66799974,628394739,2.0241165,-0.26384744,12462.0
3.67199974,628394762,2.0241163,-0.26384959999999996,12655.0
3.67599974,628394785,2.024119,-0.26425293,13484.0
3.67999974,628394808,2.024119,-0.26388282,15037.0
3.68399974,628394832,2.0241168000000003,-0.2636437,15885.0
3.68799974,628394856,2.0241158,-0.2628841,15803.0
3.69199974,628394881,2.0241168000000003,-0.26308256,15860.0
3.69599974,628394905,2.0241196,-0.2640502,15942.0
3.69999974,628394930,2.0241163,-0.26467070000000004,15784.0
3.70399974,628394955,2.0241175,-0.26516017,15615.0
3.70799974,628394981,2.0241153,-0.26364732,15500.0
3.71199974,628395007,2.0241163,-0.26478276,15257.0
3.71599974,628395032,2.0241182,-0.2645999,15161.0
3.71999974,628395058,2.0241187,-0.26385158,15357.0
3.72399974,628395085,2.024118,-0.2640388,16153.0
3.72799974,628395111,2.0241153,-0.26430413,16388.0
3.73199974,628395138,2.0241191,-0.26476209999999994,16224.0
3.73599974,628395165,2.0241182,-0.26516065,15980.0
3.73999974,628395193,2.024118,-0.26452187,15497.0
3.74399974,628395220,2.0241196,-0.26443616,14650.0
3.74799974,628395248,2.0241182,-0.26260003,13661.0
3.75199974,628395276,2.024118,-0.2638182,12645.0
3.75599974,628395304,2.0241175,-0.26432100000000003,12352.0
3.75999974,628395332,2.0241196,-0.26474392,12189.0
3.76399974,628395361,2.0241199,-0.26573792,12212.0
3.76799974,628395390,2.0241177,-0.26356217,12530.0
3.77199974,628395418,2.024119,-0.26527563,13369.0
3.77599974,628395447,2.0241172,-0.26506057,14984.0
3.77999974,628395477,2.0241191,-0.266495,15915.0
3.78399973,628395506,2.0241168000000003,-0.26569194,15966.0
3.78799973,628395536,2.024118,-0.26482654,16017.0
3.79199973,628395565,2.0241172,-0.26497126,16015.0
3.79599973,628395595,2.024118,-0.26436925,15776.0
3.79999973,628395625,2.0241168000000003,-0.26470208,15676.0
3.80399973,628395655,2.0241153,-0.26420546,15523.0
3.80799973,628395685,2.0241177,-0.26408252,15226.0
3.81199973,628395715,2.024119,-0.26390567,15140.0
3.81599973,628395745,2.0241172,-0.26386982,15380.0
3.81999973,628395775,2.0241156000000005,-0.26408672,16321.0
3.82399973,628395806,2.0241168000000003,-0.264241,16726.0
3.82799973,628395836,2.024119,-0.26510784,16604.0
3.83199973,628395866,2.0241158,-0.26438162,16360.0
3.83599973,628395897,2.0241175,-0.26447886,15855.0
3.83999973,628395927,2.0241184,-0.26531458,14902.0
3.84399973,628395957,2.0241175,-0.26445493,13871.0
3.84799973,628395988,2.0241172,-0.26483184,11839.0
3.85199973,628396018,2.024118,-0.26385949999999997,11343.0
3.85599973,628396048,2.0241182,-0.26341942,11095.0
3.85999973,628396079,2.0241184,-0.26329866,11053.0
3.86399973,628396109,2.0241182,-0.26293594,10998.0
3.86799973,628396139,2.0241172,-0.26343247,11306.0
3.87199973,628396169,2.0241199,-0.26361975,11666.0
3.87599973,628396199,2.0241163,-0.26332796,12352.0
3.87999973,628396229,2.0241182,-0.26327038,12989.0
3.88399973,628396259,2.0241175,-0.2636837,13427.0
3.88799973,628396289,2.0241184,-0.26498717,13411.0
3.89199973,628396319,2.0241203000000003,-0.26436406,13399.0
3.89599973,628396349,2.024118,-0.26335347,13409.0
3.89999973,628396378,2.0241184,-0.2632711,13394.0
3.90399973,628396407,2.0241187,-0.26316652,13183.0
3.90799973,628396437,2.024118,-0.26419196,13186.0
3.91199973,628396466,2.0241165,-0.26422882,13502.0
3.91599973,628396495,2.0241182,-0.2639606,14467.0
3.91999973,628396523,2.0241196,-0.26419494,14931.0
3.92399973,628396552,2.024119,-0.26424202,14937.0
3.92799972,628396581,2.0241191,-0.26447225,14814.0
3.93199972,628396609,2.024119,-0.26411957,14490.0
3.93599972,628396637,2.0241163,-0.26351458,13848.0
3.93999972,628396665,2.0241168000000003,-0.26373088,13160.0
3.94399972,628396693,2.0241172,-0.26444134,12409.0
3.94799972,628396720,2.0241187,-0.26443762,11868.0
3.95199972,628396748,2.0241177,-0.26462606,11606.0
3.95599972,628396775,2.0241172,-0.26387578,11585.0
3.95999972,628396802,2.0241156000000005,-0.26419494,11604.0
3.96399972,628396829,2.0241196,-0.26364315,11901.0
3.96799972,628396855,2.0241172,-0.26278,12397.0
3.97199972,628396882,2.0241168000000003,-0.26275462,13130.0
3.97599972,628396908,2.0241199,-0.2631755,13816.0
3.97999972,628396934,2.024118,-0.26385576,14252.0
3.98399972,628396960,2.0241165,-0.26284957,14419.0
3.98799972,628396986,2.0241172,-0.26260859999999997,14392.0
3.99199972,628397013,2.0241182,-0.26314640000000006,14137.0
3.99599972,628397038,2.024118,-0.2635755,13920.0
3.99999972,628397063,2.024115,-0.26411295,13714.0
4.00399972,628397088,2.0241165,-0.26430663,13581.0
